visit_date,visit_time,unix_time,user
2021-08-25,2021-08-25 00:03:11,1629817391,F
2021-08-25,2021-08-25 00:04:49,1629817489,F
2021-08-25,2021-08-25 00:08:15,1629817695,B
2021-08-25,2021-08-25 00:11:25,1629817885,A
2021-08-25,2021-08-25 00:12:32,1629817952,H
2021-08-25,2021-08-25 00:14:13,1629818053,C
2021-08-25,2021-08-25 00:20:59,1629818459,F
2021-08-25,2021-08-25 00:49:12,1629820152,D
2021-08-25,2021-08-25 00:59:20,1629820760,B
2021-08-25,2021-08-25 01:16:32,1629821792,B
2021-08-25,2021-08-25 01:24:49,1629822289,G
2021-08-25,2021-08-25 01:45:39,1629823539,E
2021-08-25,2021-08-25 01:47:22,1629823642,D
2021-08-25,2021-08-25 01:50:40,1629823840,D
2021-08-25,2021-08-25 01:59:44,1629824384,E
2021-08-25,2021-08-25 02:20:00,1629825600,G
2021-08-25,2021-08-25 02:32:46,1629826366,F
2021-08-25,2021-08-25 02:41:27,1629826887,F
2021-08-25,2021-08-25 02:42:11,1629826931,H
2021-08-25,2021-08-25 02:43:08,1629826988,E
2021-08-25,2021-08-25 02:56:08,1629827768,B
2021-08-25,2021-08-25 02:58:35,1629827915,C
2021-08-25,2021-08-25 03:10:15,1629828615,E
2021-08-25,2021-08-25 03:16:24,1629828984,A
2021-08-25,2021-08-25 03:18:30,1629829110,A
2021-08-25,2021-08-25 03:25:51,1629829551,A
2021-08-25,2021-08-25 03:26:05,1629829565,G
2021-08-25,2021-08-25 03:27:41,1629829661,A
2021-08-25,2021-08-25 03:31:36,1629829896,A
2021-08-25,2021-08-25 03:58:13,1629831493,B
2021-08-25,2021-08-25 04:21:05,1629832865,G
2021-08-25,2021-08-25 04:23:14,1629832994,D
2021-08-25,2021-08-25 04:23:35,1629833015,C
2021-08-25,2021-08-25 04:25:08,1629833108,B
2021-08-25,2021-08-25 04:35:54,1629833754,E
2021-08-25,2021-08-25 04:46:50,1629834410,B
2021-08-25,2021-08-25 04:57:12,1629835032,E
2021-08-25,2021-08-25 05:03:41,1629835421,A
2021-08-25,2021-08-25 05:04:59,1629835499,E
2021-08-25,2021-08-25 05:14:39,1629836079,A
2021-08-25,2021-08-25 05:19:12,1629836352,D
2021-08-25,2021-08-25 05:36:12,1629837372,G
2021-08-25,2021-08-25 06:11:42,1629839502,G
2021-08-25,2021-08-25 06:12:10,1629839530,A
2021-08-25,2021-08-25 06:13:42,1629839622,D
2021-08-25,2021-08-25 06:19:09,1629839949,B
2021-08-25,2021-08-25 06:23:05,1629840185,B
2021-08-25,2021-08-25 06:27:30,1629840450,E
2021-08-25,2021-08-25 06:42:22,1629841342,B
2021-08-25,2021-08-25 06:47:23,1629841643,H
2021-08-25,2021-08-25 06:48:32,1629841712,B
2021-08-25,2021-08-25 06:54:21,1629842061,A
2021-08-25,2021-08-25 07:06:25,1629842785,E
2021-08-25,2021-08-25 07:21:53,1629843713,H
2021-08-25,2021-08-25 07:54:47,1629845687,B
2021-08-25,2021-08-25 08:11:00,1629846660,E
2021-08-25,2021-08-25 08:17:14,1629847034,D
2021-08-25,2021-08-25 08:21:53,1629847313,G
2021-08-25,2021-08-25 08:24:13,1629847453,D
2021-08-25,2021-08-25 08:28:08,1629847688,F
2021-08-25,2021-08-25 08:35:57,1629848157,D
2021-08-25,2021-08-25 08:38:04,1629848284,C
2021-08-25,2021-08-25 08:52:37,1629849157,E
2021-08-25,2021-08-25 08:53:31,1629849211,B
2021-08-25,2021-08-25 09:36:04,1629851764,D
2021-08-25,2021-08-25 09:40:44,1629852044,H
2021-08-25,2021-08-25 09:42:46,1629852166,F
2021-08-25,2021-08-25 09:53:37,1629852817,E
2021-08-25,2021-08-25 10:01:08,1629853268,H
2021-08-25,2021-08-25 10:04:34,1629853474,D
2021-08-25,2021-08-25 10:14:11,1629854051,B
2021-08-25,2021-08-25 10:17:34,1629854254,G
2021-08-25,2021-08-25 10:17:52,1629854272,C
2021-08-25,2021-08-25 10:19:53,1629854393,D
2021-08-25,2021-08-25 10:27:15,1629854835,B
2021-08-25,2021-08-25 11:06:38,1629857198,D
2021-08-25,2021-08-25 11:25:03,1629858303,B
2021-08-25,2021-08-25 11:40:01,1629859201,A
2021-08-25,2021-08-25 11:48:22,1629859702,B
2021-08-25,2021-08-25 11:50:38,1629859838,G
2021-08-25,2021-08-25 12:05:10,1629860710,A
2021-08-25,2021-08-25 12:13:44,1629861224,E
2021-08-25,2021-08-25 12:21:20,1629861680,G
2021-08-25,2021-08-25 12:53:33,1629863613,B
2021-08-25,2021-08-25 12:55:49,1629863749,F
2021-08-25,2021-08-25 13:00:00,1629864000,C
2021-08-25,2021-08-25 13:11:17,1629864677,E
2021-08-25,2021-08-25 13:11:20,1629864680,B
2021-08-25,2021-08-25 13:16:13,1629864973,B
2021-08-25,2021-08-25 13:19:00,1629865140,C
2021-08-25,2021-08-25 13:21:46,1629865306,E
2021-08-25,2021-08-25 13:22:58,1629865378,B
2021-08-25,2021-08-25 13:26:29,1629865589,D
2021-08-25,2021-08-25 13:40:41,1629866441,E
2021-08-25,2021-08-25 13:42:22,1629866542,D
2021-08-25,2021-08-25 14:25:50,1629869150,C
2021-08-25,2021-08-25 14:28:19,1629869299,C
2021-08-25,2021-08-25 14:32:23,1629869543,H
2021-08-25,2021-08-25 14:38:34,1629869914,A
2021-08-25,2021-08-25 14:42:34,1629870154,D
2021-08-25,2021-08-25 14:43:55,1629870235,F
2021-08-25,2021-08-25 14:52:45,1629870765,E
2021-08-25,2021-08-25 14:53:49,1629870829,A
2021-08-25,2021-08-25 15:00:41,1629871241,D
2021-08-25,2021-08-25 15:05:57,1629871557,F
2021-08-25,2021-08-25 15:14:43,1629872083,C
2021-08-25,2021-08-25 15:17:06,1629872226,E
2021-08-25,2021-08-25 15:36:19,1629873379,H
2021-08-25,2021-08-25 15:46:53,1629874013,G
2021-08-25,2021-08-25 15:53:05,1629874385,B
2021-08-25,2021-08-25 16:00:47,1629874847,A
2021-08-25,2021-08-25 16:11:55,1629875515,F
2021-08-25,2021-08-25 16:17:27,1629875847,G
2021-08-25,2021-08-25 16:17:28,1629875848,F
2021-08-25,2021-08-25 16:19:13,1629875953,D
2021-08-25,2021-08-25 16:26:29,1629876389,E
2021-08-25,2021-08-25 16:26:43,1629876403,A
2021-08-25,2021-08-25 16:28:38,1629876518,G
2021-08-25,2021-08-25 16:32:31,1629876751,C
2021-08-25,2021-08-25 16:37:11,1629877031,C
2021-08-25,2021-08-25 16:39:17,1629877157,E
2021-08-25,2021-08-25 16:43:13,1629877393,H
2021-08-25,2021-08-25 16:43:23,1629877403,G
2021-08-25,2021-08-25 16:56:36,1629878196,F
2021-08-25,2021-08-25 17:05:14,1629878714,H
2021-08-25,2021-08-25 17:12:07,1629879127,F
2021-08-25,2021-08-25 17:18:00,1629879480,F
2021-08-25,2021-08-25 17:28:43,1629880123,A
2021-08-25,2021-08-25 17:49:11,1629881351,F
2021-08-25,2021-08-25 18:03:52,1629882232,A
2021-08-25,2021-08-25 18:04:23,1629882263,H
2021-08-25,2021-08-25 18:15:27,1629882927,F
2021-08-25,2021-08-25 18:19:25,1629883165,D
2021-08-25,2021-08-25 18:26:17,1629883577,B
2021-08-25,2021-08-25 18:33:16,1629883996,H
2021-08-25,2021-08-25 18:41:23,1629884483,F
2021-08-25,2021-08-25 18:54:40,1629885280,F
2021-08-25,2021-08-25 19:02:11,1629885731,G
2021-08-25,2021-08-25 19:06:31,1629885991,C
2021-08-25,2021-08-25 19:19:18,1629886758,F
2021-08-25,2021-08-25 19:53:08,1629888788,H
2021-08-25,2021-08-25 20:03:28,1629889408,H
2021-08-25,2021-08-25 20:23:56,1629890636,C
2021-08-25,2021-08-25 20:28:13,1629890893,E
2021-08-25,2021-08-25 20:30:35,1629891035,C
2021-08-25,2021-08-25 20:31:41,1629891101,F
2021-08-25,2021-08-25 20:38:33,1629891513,H
2021-08-25,2021-08-25 20:41:30,1629891690,H
2021-08-25,2021-08-25 20:52:04,1629892324,F
2021-08-25,2021-08-25 20:52:25,1629892345,D
2021-08-25,2021-08-25 21:12:12,1629893532,G
2021-08-25,2021-08-25 21:20:10,1629894010,B
2021-08-25,2021-08-25 21:21:39,1629894099,F
2021-08-25,2021-08-25 21:25:05,1629894305,E
2021-08-25,2021-08-25 21:36:19,1629894979,F
2021-08-25,2021-08-25 21:45:08,1629895508,B
2021-08-25,2021-08-25 21:47:28,1629895648,A
2021-08-25,2021-08-25 21:48:55,1629895735,E
2021-08-25,2021-08-25 21:55:02,1629896102,F
2021-08-25,2021-08-25 21:57:57,1629896277,C
2021-08-25,2021-08-25 22:05:34,1629896734,G
2021-08-25,2021-08-25 22:12:30,1629897150,H
2021-08-25,2021-08-25 22:21:06,1629897666,B
2021-08-25,2021-08-25 22:28:40,1629898120,G
2021-08-25,2021-08-25 22:38:38,1629898718,D
2021-08-25,2021-08-25 22:48:56,1629899336,G
2021-08-25,2021-08-25 23:01:49,1629900109,A
2021-08-25,2021-08-25 23:14:18,1629900858,H
2021-08-25,2021-08-25 23:18:37,1629901117,B
2021-08-25,2021-08-25 23:18:57,1629901137,G
2021-08-25,2021-08-25 23:24:24,1629901464,E
2021-08-25,2021-08-25 23:29:21,1629901761,G
2021-08-25,2021-08-25 23:34:26,1629902066,A
2021-08-25,2021-08-25 23:41:46,1629902506,C
2021-08-25,2021-08-25 23:49:24,1629902964,G
2021-08-25,2021-08-25 23:53:16,1629903196,G
2021-08-25,2021-08-25 23:54:30,1629903270,H
2021-08-26,2021-08-26 00:00:33,1629903633,E
2021-08-26,2021-08-26 00:40:02,1629906002,D
2021-08-26,2021-08-26 00:43:11,1629906191,D
2021-08-26,2021-08-26 00:46:12,1629906372,C
2021-08-26,2021-08-26 00:49:52,1629906592,E
2021-08-26,2021-08-26 01:00:33,1629907233,H
2021-08-26,2021-08-26 01:09:31,1629907771,G
2021-08-26,2021-08-26 01:46:09,1629909969,F
2021-08-26,2021-08-26 01:47:09,1629910029,E
2021-08-26,2021-08-26 02:19:48,1629911988,G
2021-08-26,2021-08-26 03:05:52,1629914752,C
2021-08-26,2021-08-26 03:18:21,1629915501,E
2021-08-26,2021-08-26 03:19:07,1629915547,C
2021-08-26,2021-08-26 03:28:28,1629916108,E
2021-08-26,2021-08-26 03:32:49,1629916369,C
2021-08-26,2021-08-26 04:07:05,1629918425,H
2021-08-26,2021-08-26 04:20:32,1629919232,E
2021-08-26,2021-08-26 04:35:54,1629920154,A
2021-08-26,2021-08-26 04:38:29,1629920309,E
2021-08-26,2021-08-26 05:05:23,1629921923,B
2021-08-26,2021-08-26 05:16:01,1629922561,G
2021-08-26,2021-08-26 05:17:25,1629922645,D
2021-08-26,2021-08-26 05:23:44,1629923024,B
2021-08-26,2021-08-26 05:43:32,1629924212,A
2021-08-26,2021-08-26 05:49:32,1629924572,F
2021-08-26,2021-08-26 05:57:22,1629925042,G
2021-08-26,2021-08-26 06:17:52,1629926272,C
2021-08-26,2021-08-26 06:20:30,1629926430,F
2021-08-26,2021-08-26 06:24:56,1629926696,B
2021-08-26,2021-08-26 06:36:17,1629927377,E
2021-08-26,2021-08-26 06:48:49,1629928129,C
2021-08-26,2021-08-26 07:00:52,1629928852,A
2021-08-26,2021-08-26 07:05:15,1629929115,A
2021-08-26,2021-08-26 07:20:34,1629930034,G
2021-08-26,2021-08-26 07:31:13,1629930673,A
2021-08-26,2021-08-26 07:43:28,1629931408,G
2021-08-26,2021-08-26 07:47:32,1629931652,D
2021-08-26,2021-08-26 07:55:25,1629932125,H
2021-08-26,2021-08-26 08:02:40,1629932560,A
2021-08-26,2021-08-26 08:03:49,1629932629,H
2021-08-26,2021-08-26 08:10:08,1629933008,G
2021-08-26,2021-08-26 08:12:38,1629933158,F
2021-08-26,2021-08-26 08:13:25,1629933205,A
2021-08-26,2021-08-26 08:23:18,1629933798,H
2021-08-26,2021-08-26 08:27:01,1629934021,A
2021-08-26,2021-08-26 08:41:33,1629934893,D
2021-08-26,2021-08-26 08:44:05,1629935045,D
2021-08-26,2021-08-26 08:48:42,1629935322,B
2021-08-26,2021-08-26 09:11:25,1629936685,E
2021-08-26,2021-08-26 09:36:13,1629938173,H
2021-08-26,2021-08-26 09:38:30,1629938310,G
2021-08-26,2021-08-26 09:40:13,1629938413,G
2021-08-26,2021-08-26 09:44:17,1629938657,C
2021-08-26,2021-08-26 09:45:34,1629938734,G
2021-08-26,2021-08-26 09:49:28,1629938968,B
2021-08-26,2021-08-26 09:51:01,1629939061,G
2021-08-26,2021-08-26 09:57:29,1629939449,H
2021-08-26,2021-08-26 10:10:31,1629940231,B
2021-08-26,2021-08-26 10:11:02,1629940262,A
2021-08-26,2021-08-26 10:31:54,1629941514,E
2021-08-26,2021-08-26 10:40:26,1629942026,D
2021-08-26,2021-08-26 10:52:43,1629942763,F
2021-08-26,2021-08-26 11:03:51,1629943431,F
2021-08-26,2021-08-26 11:08:03,1629943683,C
2021-08-26,2021-08-26 11:08:33,1629943713,F
2021-08-26,2021-08-26 11:12:00,1629943920,B
2021-08-26,2021-08-26 11:15:09,1629944109,C
2021-08-26,2021-08-26 11:20:05,1629944405,H
2021-08-26,2021-08-26 11:20:55,1629944455,B
2021-08-26,2021-08-26 11:59:27,1629946767,F
2021-08-26,2021-08-26 12:04:13,1629947053,F
2021-08-26,2021-08-26 12:08:40,1629947320,H
2021-08-26,2021-08-26 12:10:06,1629947406,A
2021-08-26,2021-08-26 12:14:57,1629947697,F
2021-08-26,2021-08-26 12:17:49,1629947869,E
2021-08-26,2021-08-26 12:33:24,1629948804,B
2021-08-26,2021-08-26 12:33:41,1629948821,B
2021-08-26,2021-08-26 12:33:45,1629948825,G
2021-08-26,2021-08-26 12:39:36,1629949176,E
2021-08-26,2021-08-26 12:52:58,1629949978,G
2021-08-26,2021-08-26 13:00:23,1629950423,C
2021-08-26,2021-08-26 13:29:44,1629952184,C
2021-08-26,2021-08-26 13:32:54,1629952374,F
2021-08-26,2021-08-26 13:37:53,1629952673,E
2021-08-26,2021-08-26 13:48:50,1629953330,C
2021-08-26,2021-08-26 13:49:22,1629953362,F
2021-08-26,2021-08-26 14:15:36,1629954936,A
2021-08-26,2021-08-26 14:19:05,1629955145,E
2021-08-26,2021-08-26 14:22:24,1629955344,E
2021-08-26,2021-08-26 14:47:23,1629956843,C
2021-08-26,2021-08-26 14:48:17,1629956897,C
2021-08-26,2021-08-26 15:07:02,1629958022,H
2021-08-26,2021-08-26 15:09:19,1629958159,H
2021-08-26,2021-08-26 15:16:46,1629958606,B
2021-08-26,2021-08-26 15:20:57,1629958857,B
2021-08-26,2021-08-26 16:01:32,1629961292,A
2021-08-26,2021-08-26 16:06:54,1629961614,G
2021-08-26,2021-08-26 16:09:11,1629961751,C
2021-08-26,2021-08-26 16:14:32,1629962072,G
2021-08-26,2021-08-26 16:20:45,1629962445,A
2021-08-26,2021-08-26 16:27:57,1629962877,E
2021-08-26,2021-08-26 16:29:03,1629962943,B
2021-08-26,2021-08-26 16:44:04,1629963844,E
2021-08-26,2021-08-26 17:02:55,1629964975,E
2021-08-26,2021-08-26 17:05:58,1629965158,G
2021-08-26,2021-08-26 17:06:10,1629965170,D
2021-08-26,2021-08-26 17:15:20,1629965720,H
2021-08-26,2021-08-26 17:17:35,1629965855,D
2021-08-26,2021-08-26 17:23:52,1629966232,A
2021-08-26,2021-08-26 17:36:18,1629966978,C
2021-08-26,2021-08-26 17:50:19,1629967819,E
2021-08-26,2021-08-26 17:57:28,1629968248,G
2021-08-26,2021-08-26 18:02:45,1629968565,B
2021-08-26,2021-08-26 18:08:07,1629968887,G
2021-08-26,2021-08-26 18:12:43,1629969163,G
2021-08-26,2021-08-26 18:13:02,1629969182,H
2021-08-26,2021-08-26 18:17:36,1629969456,H
2021-08-26,2021-08-26 18:22:30,1629969750,E
2021-08-26,2021-08-26 18:42:28,1629970948,B
2021-08-26,2021-08-26 18:48:57,1629971337,C
2021-08-26,2021-08-26 19:04:50,1629972290,B
2021-08-26,2021-08-26 19:12:34,1629972754,B
2021-08-26,2021-08-26 19:29:56,1629973796,E
2021-08-26,2021-08-26 19:45:58,1629974758,D
2021-08-26,2021-08-26 20:01:30,1629975690,C
2021-08-26,2021-08-26 20:05:55,1629975955,D
2021-08-26,2021-08-26 20:31:14,1629977474,B
2021-08-26,2021-08-26 20:31:40,1629977500,D
2021-08-26,2021-08-26 20:36:56,1629977816,C
2021-08-26,2021-08-26 20:51:28,1629978688,E
2021-08-26,2021-08-26 21:08:33,1629979713,A
2021-08-26,2021-08-26 21:12:36,1629979956,A
2021-08-26,2021-08-26 21:20:28,1629980428,H
2021-08-26,2021-08-26 21:21:07,1629980467,E
2021-08-26,2021-08-26 21:27:01,1629980821,D
2021-08-26,2021-08-26 21:30:48,1629981048,G
2021-08-26,2021-08-26 21:40:53,1629981653,F
2021-08-26,2021-08-26 21:51:13,1629982273,D
2021-08-26,2021-08-26 21:56:08,1629982568,D
2021-08-26,2021-08-26 22:14:39,1629983679,C
2021-08-26,2021-08-26 22:21:40,1629984100,H
2021-08-26,2021-08-26 22:26:53,1629984413,F
2021-08-26,2021-08-26 22:27:13,1629984433,D
2021-08-26,2021-08-26 22:29:19,1629984559,E
2021-08-26,2021-08-26 22:36:50,1629985010,H
2021-08-26,2021-08-26 22:39:17,1629985157,H
2021-08-26,2021-08-26 22:44:55,1629985495,D
2021-08-26,2021-08-26 22:47:31,1629985651,C
2021-08-26,2021-08-26 22:51:01,1629985861,B
2021-08-26,2021-08-26 22:52:34,1629985954,E
2021-08-26,2021-08-26 23:10:23,1629987023,G
2021-08-26,2021-08-26 23:11:16,1629987076,C
2021-08-26,2021-08-26 23:42:15,1629988935,A
2021-08-26,2021-08-26 23:48:53,1629989333,H
2021-08-26,2021-08-26 23:49:08,1629989348,F
2021-08-27,2021-08-27 00:00:23,1629990023,E
2021-08-27,2021-08-27 00:07:54,1629990474,D
2021-08-27,2021-08-27 00:20:34,1629991234,F
2021-08-27,2021-08-27 00:36:02,1629992162,D
2021-08-27,2021-08-27 00:40:20,1629992420,H
2021-08-27,2021-08-27 00:52:00,1629993120,E
2021-08-27,2021-08-27 01:22:36,1629994956,H
2021-08-27,2021-08-27 01:30:40,1629995440,C
2021-08-27,2021-08-27 01:46:56,1629996416,A
2021-08-27,2021-08-27 01:51:36,1629996696,F
2021-08-27,2021-08-27 02:14:48,1629998088,F
2021-08-27,2021-08-27 02:16:28,1629998188,G
2021-08-27,2021-08-27 02:21:20,1629998480,G
2021-08-27,2021-08-27 02:29:51,1629998991,C
2021-08-27,2021-08-27 02:32:54,1629999174,A
2021-08-27,2021-08-27 02:38:16,1629999496,H
2021-08-27,2021-08-27 02:46:52,1630000012,G
2021-08-27,2021-08-27 02:49:32,1630000172,C
2021-08-27,2021-08-27 02:56:18,1630000578,H
2021-08-27,2021-08-27 03:03:43,1630001023,F
2021-08-27,2021-08-27 03:26:08,1630002368,E
2021-08-27,2021-08-27 03:27:26,1630002446,D
2021-08-27,2021-08-27 03:27:31,1630002451,B
2021-08-27,2021-08-27 03:29:55,1630002595,D
2021-08-27,2021-08-27 03:33:02,1630002782,A
2021-08-27,2021-08-27 04:07:59,1630004879,H
2021-08-27,2021-08-27 04:12:58,1630005178,C
2021-08-27,2021-08-27 04:16:24,1630005384,F
2021-08-27,2021-08-27 04:17:57,1630005477,H
2021-08-27,2021-08-27 04:20:28,1630005628,F
2021-08-27,2021-08-27 04:21:23,1630005683,C
2021-08-27,2021-08-27 04:22:14,1630005734,E
2021-08-27,2021-08-27 04:28:39,1630006119,B
2021-08-27,2021-08-27 04:31:19,1630006279,B
2021-08-27,2021-08-27 04:40:45,1630006845,G
2021-08-27,2021-08-27 04:54:32,1630007672,B
2021-08-27,2021-08-27 04:56:39,1630007799,H
2021-08-27,2021-08-27 05:04:22,1630008262,E
2021-08-27,2021-08-27 05:04:49,1630008289,A
2021-08-27,2021-08-27 05:05:07,1630008307,B
2021-08-27,2021-08-27 05:05:31,1630008331,F
2021-08-27,2021-08-27 05:17:17,1630009037,G
2021-08-27,2021-08-27 05:17:51,1630009071,D
2021-08-27,2021-08-27 05:18:55,1630009135,A
2021-08-27,2021-08-27 05:24:30,1630009470,A
2021-08-27,2021-08-27 05:39:20,1630010360,F
2021-08-27,2021-08-27 05:40:47,1630010447,D
2021-08-27,2021-08-27 05:48:15,1630010895,H
2021-08-27,2021-08-27 06:25:38,1630013138,H
2021-08-27,2021-08-27 06:51:41,1630014701,A
2021-08-27,2021-08-27 06:53:56,1630014836,B
2021-08-27,2021-08-27 06:54:13,1630014853,C
2021-08-27,2021-08-27 07:02:55,1630015375,B
2021-08-27,2021-08-27 07:06:25,1630015585,E
2021-08-27,2021-08-27 07:07:19,1630015639,D
2021-08-27,2021-08-27 07:11:43,1630015903,B
2021-08-27,2021-08-27 07:16:04,1630016164,C
2021-08-27,2021-08-27 07:17:51,1630016271,C
2021-08-27,2021-08-27 07:20:05,1630016405,D
2021-08-27,2021-08-27 07:33:13,1630017193,B
2021-08-27,2021-08-27 07:35:37,1630017337,B
2021-08-27,2021-08-27 07:39:24,1630017564,D
2021-08-27,2021-08-27 07:39:52,1630017592,B
2021-08-27,2021-08-27 07:46:26,1630017986,B
2021-08-27,2021-08-27 08:00:03,1630018803,C
2021-08-27,2021-08-27 08:01:56,1630018916,H
2021-08-27,2021-08-27 08:02:12,1630018932,G
2021-08-27,2021-08-27 08:02:47,1630018967,F
2021-08-27,2021-08-27 08:07:29,1630019249,H
2021-08-27,2021-08-27 08:09:53,1630019393,F
2021-08-27,2021-08-27 08:16:58,1630019818,F
2021-08-27,2021-08-27 08:20:58,1630020058,E
2021-08-27,2021-08-27 08:22:36,1630020156,G
2021-08-27,2021-08-27 08:23:35,1630020215,F
2021-08-27,2021-08-27 08:30:39,1630020639,H
2021-08-27,2021-08-27 08:35:58,1630020958,G
2021-08-27,2021-08-27 08:39:06,1630021146,A
2021-08-27,2021-08-27 08:40:38,1630021238,B
2021-08-27,2021-08-27 08:52:06,1630021926,C
2021-08-27,2021-08-27 09:02:56,1630022576,H
2021-08-27,2021-08-27 09:05:08,1630022708,C
2021-08-27,2021-08-27 09:05:52,1630022752,C
2021-08-27,2021-08-27 09:09:34,1630022974,E
2021-08-27,2021-08-27 09:12:31,1630023151,F
2021-08-27,2021-08-27 09:46:59,1630025219,C
2021-08-27,2021-08-27 09:50:23,1630025423,C
2021-08-27,2021-08-27 09:51:04,1630025464,G
2021-08-27,2021-08-27 09:53:57,1630025637,E
2021-08-27,2021-08-27 09:56:10,1630025770,F
2021-08-27,2021-08-27 09:58:30,1630025910,C
2021-08-27,2021-08-27 09:59:37,1630025977,G
2021-08-27,2021-08-27 10:03:40,1630026220,G
2021-08-27,2021-08-27 10:05:22,1630026322,F
2021-08-27,2021-08-27 10:07:25,1630026445,G
2021-08-27,2021-08-27 10:14:35,1630026875,G
2021-08-27,2021-08-27 11:03:28,1630029808,B
2021-08-27,2021-08-27 11:13:07,1630030387,E
2021-08-27,2021-08-27 12:05:46,1630033546,C
2021-08-27,2021-08-27 12:09:30,1630033770,H
2021-08-27,2021-08-27 12:16:11,1630034171,E
2021-08-27,2021-08-27 12:20:52,1630034452,D
2021-08-27,2021-08-27 12:29:42,1630034982,E
2021-08-27,2021-08-27 12:29:42,1630034982,C
2021-08-27,2021-08-27 12:30:12,1630035012,A
2021-08-27,2021-08-27 12:38:51,1630035531,F
2021-08-27,2021-08-27 12:42:38,1630035758,A
2021-08-27,2021-08-27 12:43:11,1630035791,G
2021-08-27,2021-08-27 12:52:08,1630036328,H
2021-08-27,2021-08-27 12:59:00,1630036740,D
2021-08-27,2021-08-27 12:59:59,1630036799,A
2021-08-27,2021-08-27 13:00:00,1630036800,A
2021-08-27,2021-08-27 13:05:15,1630037115,F
2021-08-27,2021-08-27 13:13:23,1630037603,H
2021-08-27,2021-08-27 13:17:24,1630037844,C
2021-08-27,2021-08-27 13:21:41,1630038101,G
2021-08-27,2021-08-27 13:32:13,1630038733,B
2021-08-27,2021-08-27 13:36:24,1630038984,B
2021-08-27,2021-08-27 13:46:43,1630039603,A
2021-08-27,2021-08-27 14:01:25,1630040485,D
2021-08-27,2021-08-27 14:09:19,1630040959,C
2021-08-27,2021-08-27 14:42:15,1630042935,A
2021-08-27,2021-08-27 14:51:01,1630043461,E
2021-08-27,2021-08-27 14:51:51,1630043511,D
2021-08-27,2021-08-27 14:56:27,1630043787,G
2021-08-27,2021-08-27 14:57:59,1630043879,E
2021-08-27,2021-08-27 15:02:09,1630044129,F
2021-08-27,2021-08-27 15:13:38,1630044818,E
2021-08-27,2021-08-27 15:15:59,1630044959,C
2021-08-27,2021-08-27 15:20:38,1630045238,F
2021-08-27,2021-08-27 15:35:06,1630046106,A
2021-08-27,2021-08-27 15:51:22,1630047082,G
2021-08-27,2021-08-27 15:56:29,1630047389,B
2021-08-27,2021-08-27 16:01:14,1630047674,D
2021-08-27,2021-08-27 16:03:53,1630047833,B
2021-08-27,2021-08-27 16:17:15,1630048635,B
2021-08-27,2021-08-27 16:20:21,1630048821,G
2021-08-27,2021-08-27 16:51:12,1630050672,F
2021-08-27,2021-08-27 16:55:55,1630050955,A
2021-08-27,2021-08-27 17:07:51,1630051671,B
2021-08-27,2021-08-27 17:09:09,1630051749,A
2021-08-27,2021-08-27 17:10:35,1630051835,A
2021-08-27,2021-08-27 17:11:34,1630051894,H
2021-08-27,2021-08-27 17:12:16,1630051936,D
2021-08-27,2021-08-27 17:27:15,1630052835,H
2021-08-27,2021-08-27 17:28:59,1630052939,A
2021-08-27,2021-08-27 17:38:24,1630053504,F
2021-08-27,2021-08-27 18:01:49,1630054909,F
2021-08-27,2021-08-27 18:04:28,1630055068,H
2021-08-27,2021-08-27 18:15:09,1630055709,E
2021-08-27,2021-08-27 18:48:02,1630057682,B
2021-08-27,2021-08-27 18:49:35,1630057775,A
2021-08-27,2021-08-27 18:51:41,1630057901,F
2021-08-27,2021-08-27 18:53:04,1630057984,B
2021-08-27,2021-08-27 19:19:12,1630059552,D
2021-08-27,2021-08-27 19:22:02,1630059722,H
2021-08-27,2021-08-27 19:26:44,1630060004,G
2021-08-27,2021-08-27 19:33:17,1630060397,B
2021-08-27,2021-08-27 19:42:02,1630060922,E
2021-08-27,2021-08-27 20:00:05,1630062005,A
2021-08-27,2021-08-27 20:01:33,1630062093,B
2021-08-27,2021-08-27 20:18:02,1630063082,B
2021-08-27,2021-08-27 20:19:31,1630063171,B
2021-08-27,2021-08-27 20:20:57,1630063257,H
2021-08-27,2021-08-27 20:46:42,1630064802,G
2021-08-27,2021-08-27 20:52:56,1630065176,D
2021-08-27,2021-08-27 21:02:44,1630065764,E
2021-08-27,2021-08-27 21:20:40,1630066840,C
2021-08-27,2021-08-27 21:21:43,1630066903,G
2021-08-27,2021-08-27 21:23:44,1630067024,F
2021-08-27,2021-08-27 21:26:46,1630067206,C
2021-08-27,2021-08-27 21:31:43,1630067503,G
2021-08-27,2021-08-27 21:32:59,1630067579,G
2021-08-27,2021-08-27 22:16:42,1630070202,E
2021-08-27,2021-08-27 22:19:58,1630070398,D
2021-08-27,2021-08-27 22:31:00,1630071060,A
2021-08-27,2021-08-27 22:45:45,1630071945,D
2021-08-27,2021-08-27 22:52:08,1630072328,B
2021-08-27,2021-08-27 22:53:53,1630072433,G
2021-08-27,2021-08-27 23:07:44,1630073264,E
2021-08-27,2021-08-27 23:18:51,1630073931,G
2021-08-27,2021-08-27 23:29:14,1630074554,G
2021-08-27,2021-08-27 23:36:12,1630074972,F
2021-08-27,2021-08-27 23:40:48,1630075248,F
2021-08-27,2021-08-27 23:41:52,1630075312,C
2021-08-27,2021-08-27 23:58:11,1630076291,E
2021-08-28,2021-08-28 00:07:00,1630076820,G
2021-08-28,2021-08-28 00:15:35,1630077335,D
2021-08-28,2021-08-28 00:18:48,1630077528,A
2021-08-28,2021-08-28 00:37:10,1630078630,G
2021-08-28,2021-08-28 00:39:42,1630078782,A
2021-08-28,2021-08-28 00:46:11,1630079171,F
2021-08-28,2021-08-28 00:51:21,1630079481,F
2021-08-28,2021-08-28 00:54:28,1630079668,F
2021-08-28,2021-08-28 01:12:40,1630080760,B
2021-08-28,2021-08-28 01:13:20,1630080800,E
2021-08-28,2021-08-28 01:16:08,1630080968,F
2021-08-28,2021-08-28 01:35:07,1630082107,A
2021-08-28,2021-08-28 02:05:37,1630083937,A
2021-08-28,2021-08-28 02:14:20,1630084460,E
2021-08-28,2021-08-28 02:21:43,1630084903,F
2021-08-28,2021-08-28 02:21:50,1630084910,D
2021-08-28,2021-08-28 02:23:26,1630085006,A
2021-08-28,2021-08-28 02:25:20,1630085120,F
2021-08-28,2021-08-28 02:33:04,1630085584,C
2021-08-28,2021-08-28 02:41:15,1630086075,C
2021-08-28,2021-08-28 02:47:51,1630086471,D
2021-08-28,2021-08-28 02:51:44,1630086704,B
2021-08-28,2021-08-28 02:55:57,1630086957,D
2021-08-28,2021-08-28 03:26:18,1630088778,B
2021-08-28,2021-08-28 03:27:41,1630088861,G
2021-08-28,2021-08-28 03:31:08,1630089068,F
2021-08-28,2021-08-28 03:43:43,1630089823,G
2021-08-28,2021-08-28 03:58:04,1630090684,E
2021-08-28,2021-08-28 04:07:01,1630091221,G
2021-08-28,2021-08-28 04:21:59,1630092119,F
2021-08-28,2021-08-28 04:26:29,1630092389,F
2021-08-28,2021-08-28 05:17:12,1630095432,A
2021-08-28,2021-08-28 05:47:52,1630097272,H
2021-08-28,2021-08-28 05:56:01,1630097761,D
2021-08-28,2021-08-28 06:11:49,1630098709,G
2021-08-28,2021-08-28 06:12:46,1630098766,D
2021-08-28,2021-08-28 06:33:32,1630100012,G
2021-08-28,2021-08-28 06:37:16,1630100236,A
2021-08-28,2021-08-28 06:46:41,1630100801,A
2021-08-28,2021-08-28 06:47:07,1630100827,A
2021-08-28,2021-08-28 07:16:42,1630102602,D
2021-08-28,2021-08-28 07:21:09,1630102869,A
2021-08-28,2021-08-28 07:30:48,1630103448,H
2021-08-28,2021-08-28 07:37:27,1630103847,F
2021-08-28,2021-08-28 07:44:22,1630104262,B
2021-08-28,2021-08-28 08:13:06,1630105986,D
2021-08-28,2021-08-28 08:17:34,1630106254,A
2021-08-28,2021-08-28 08:29:37,1630106977,F
2021-08-28,2021-08-28 08:31:35,1630107095,D
2021-08-28,2021-08-28 08:43:49,1630107829,B
2021-08-28,2021-08-28 08:44:56,1630107896,F
2021-08-28,2021-08-28 08:50:58,1630108258,D
2021-08-28,2021-08-28 08:54:51,1630108491,H
2021-08-28,2021-08-28 08:56:43,1630108603,H
2021-08-28,2021-08-28 09:18:19,1630109899,E
2021-08-28,2021-08-28 09:35:22,1630110922,B
2021-08-28,2021-08-28 09:39:08,1630111148,B
2021-08-28,2021-08-28 09:54:35,1630112075,F
2021-08-28,2021-08-28 10:27:52,1630114072,C
2021-08-28,2021-08-28 10:32:12,1630114332,A
2021-08-28,2021-08-28 10:55:30,1630115730,G
2021-08-28,2021-08-28 10:55:37,1630115737,A
2021-08-28,2021-08-28 11:08:06,1630116486,E
2021-08-28,2021-08-28 11:26:51,1630117611,H
2021-08-28,2021-08-28 11:37:16,1630118236,F
2021-08-28,2021-08-28 11:39:54,1630118394,F
2021-08-28,2021-08-28 11:47:00,1630118820,G
2021-08-28,2021-08-28 11:48:50,1630118930,B
2021-08-28,2021-08-28 11:49:43,1630118983,F
2021-08-28,2021-08-28 12:05:45,1630119945,G
2021-08-28,2021-08-28 12:18:30,1630120710,A
2021-08-28,2021-08-28 12:20:54,1630120854,D
2021-08-28,2021-08-28 12:23:44,1630121024,E
2021-08-28,2021-08-28 12:23:49,1630121029,C
2021-08-28,2021-08-28 12:30:35,1630121435,B
2021-08-28,2021-08-28 12:41:10,1630122070,G
2021-08-28,2021-08-28 12:47:51,1630122471,H
2021-08-28,2021-08-28 13:05:18,1630123518,D
2021-08-28,2021-08-28 13:12:57,1630123977,C
2021-08-28,2021-08-28 13:18:35,1630124315,C
2021-08-28,2021-08-28 13:32:49,1630125169,D
2021-08-28,2021-08-28 13:36:01,1630125361,D
2021-08-28,2021-08-28 13:37:16,1630125436,F
2021-08-28,2021-08-28 13:55:01,1630126501,C
2021-08-28,2021-08-28 13:55:34,1630126534,H
2021-08-28,2021-08-28 14:18:49,1630127929,F
2021-08-28,2021-08-28 14:22:39,1630128159,F
2021-08-28,2021-08-28 14:54:34,1630130074,A
2021-08-28,2021-08-28 15:07:42,1630130862,C
2021-08-28,2021-08-28 15:11:26,1630131086,E
2021-08-28,2021-08-28 15:26:01,1630131961,E
2021-08-28,2021-08-28 15:30:08,1630132208,C
2021-08-28,2021-08-28 15:37:38,1630132658,B
2021-08-28,2021-08-28 15:49:16,1630133356,H
2021-08-28,2021-08-28 16:05:29,1630134329,E
2021-08-28,2021-08-28 16:19:06,1630135146,G
2021-08-28,2021-08-28 16:31:09,1630135869,H
2021-08-28,2021-08-28 16:37:49,1630136269,E
2021-08-28,2021-08-28 16:51:10,1630137070,C
2021-08-28,2021-08-28 16:53:16,1630137196,H
2021-08-28,2021-08-28 17:04:58,1630137898,D
2021-08-28,2021-08-28 17:05:49,1630137949,B
2021-08-28,2021-08-28 17:21:26,1630138886,A
2021-08-28,2021-08-28 17:32:23,1630139543,B
2021-08-28,2021-08-28 17:33:18,1630139598,H
2021-08-28,2021-08-28 17:45:02,1630140302,D
2021-08-28,2021-08-28 17:50:48,1630140648,G
2021-08-28,2021-08-28 18:19:23,1630142363,E
2021-08-28,2021-08-28 18:25:19,1630142719,E
2021-08-28,2021-08-28 18:35:26,1630143326,H
2021-08-28,2021-08-28 18:43:55,1630143835,E
2021-08-28,2021-08-28 18:47:09,1630144029,D
2021-08-28,2021-08-28 18:52:27,1630144347,F
2021-08-28,2021-08-28 18:52:29,1630144349,F
2021-08-28,2021-08-28 18:55:52,1630144552,F
2021-08-28,2021-08-28 19:05:56,1630145156,C
2021-08-28,2021-08-28 19:06:01,1630145161,G
2021-08-28,2021-08-28 19:10:36,1630145436,E
2021-08-28,2021-08-28 19:21:03,1630146063,A
2021-08-28,2021-08-28 19:24:11,1630146251,F
2021-08-28,2021-08-28 19:29:15,1630146555,D
2021-08-28,2021-08-28 19:33:55,1630146835,F
2021-08-28,2021-08-28 20:36:01,1630150561,H
2021-08-28,2021-08-28 20:39:27,1630150767,H
2021-08-28,2021-08-28 20:51:42,1630151502,G
2021-08-28,2021-08-28 20:52:19,1630151539,G
2021-08-28,2021-08-28 21:04:13,1630152253,D
2021-08-28,2021-08-28 21:06:21,1630152381,H
2021-08-28,2021-08-28 21:07:55,1630152475,C
2021-08-28,2021-08-28 21:16:58,1630153018,D
2021-08-28,2021-08-28 21:56:24,1630155384,G
2021-08-28,2021-08-28 21:58:33,1630155513,E
2021-08-28,2021-08-28 22:07:13,1630156033,A
2021-08-28,2021-08-28 22:30:25,1630157425,D
2021-08-28,2021-08-28 22:41:43,1630158103,A
2021-08-28,2021-08-28 22:48:17,1630158497,D
2021-08-28,2021-08-28 22:49:00,1630158540,G
2021-08-28,2021-08-28 22:53:19,1630158799,D
2021-08-28,2021-08-28 22:58:54,1630159134,C
2021-08-28,2021-08-28 23:13:13,1630159993,C
2021-08-28,2021-08-28 23:14:53,1630160093,A
2021-08-28,2021-08-28 23:16:24,1630160184,E
2021-08-28,2021-08-28 23:22:30,1630160550,G
2021-08-28,2021-08-28 23:29:21,1630160961,B
2021-08-28,2021-08-28 23:30:20,1630161020,H
2021-08-28,2021-08-28 23:31:56,1630161116,G
2021-08-28,2021-08-28 23:46:34,1630161994,B
2021-08-28,2021-08-28 23:51:09,1630162269,H
2021-08-28,2021-08-28 23:51:41,1630162301,F
2021-08-28,2021-08-28 23:55:23,1630162523,H
2021-08-28,2021-08-28 23:58:45,1630162725,F
2021-08-29,2021-08-29 00:02:09,1630162929,E
2021-08-29,2021-08-29 00:08:19,1630163299,E
2021-08-29,2021-08-29 00:18:54,1630163934,E
2021-08-29,2021-08-29 00:19:02,1630163942,A
2021-08-29,2021-08-29 00:24:10,1630164250,D
2021-08-29,2021-08-29 00:26:41,1630164401,H
2021-08-29,2021-08-29 00:44:32,1630165472,C
2021-08-29,2021-08-29 01:05:55,1630166755,H
2021-08-29,2021-08-29 01:11:31,1630167091,C
2021-08-29,2021-08-29 01:29:42,1630168182,A
2021-08-29,2021-08-29 01:39:33,1630168773,G
2021-08-29,2021-08-29 01:46:26,1630169186,H
2021-08-29,2021-08-29 02:03:29,1630170209,B
2021-08-29,2021-08-29 02:05:41,1630170341,F
2021-08-29,2021-08-29 02:06:21,1630170381,D
2021-08-29,2021-08-29 02:34:34,1630172074,A
2021-08-29,2021-08-29 02:37:56,1630172276,G
2021-08-29,2021-08-29 02:40:23,1630172423,B
2021-08-29,2021-08-29 02:44:33,1630172673,F
2021-08-29,2021-08-29 02:46:04,1630172764,H
2021-08-29,2021-08-29 03:03:09,1630173789,H
2021-08-29,2021-08-29 03:14:03,1630174443,B
2021-08-29,2021-08-29 03:37:44,1630175864,H
2021-08-29,2021-08-29 03:50:33,1630176633,H
2021-08-29,2021-08-29 03:51:58,1630176718,H
2021-08-29,2021-08-29 03:55:32,1630176932,G
2021-08-29,2021-08-29 03:58:56,1630177136,G
2021-08-29,2021-08-29 04:08:16,1630177696,D
2021-08-29,2021-08-29 04:10:45,1630177845,C
2021-08-29,2021-08-29 04:14:21,1630178061,A
2021-08-29,2021-08-29 04:44:56,1630179896,E
2021-08-29,2021-08-29 05:04:07,1630181047,E
2021-08-29,2021-08-29 05:08:04,1630181284,H
2021-08-29,2021-08-29 05:13:34,1630181614,D
2021-08-29,2021-08-29 05:14:54,1630181694,E
2021-08-29,2021-08-29 05:23:58,1630182238,G
2021-08-29,2021-08-29 05:39:55,1630183195,E
2021-08-29,2021-08-29 05:54:50,1630184090,D
2021-08-29,2021-08-29 05:59:50,1630184390,B
2021-08-29,2021-08-29 06:11:50,1630185110,H
2021-08-29,2021-08-29 06:20:20,1630185620,D
2021-08-29,2021-08-29 06:22:49,1630185769,E
2021-08-29,2021-08-29 06:29:59,1630186199,E
2021-08-29,2021-08-29 06:31:38,1630186298,E
2021-08-29,2021-08-29 06:57:50,1630187870,B
2021-08-29,2021-08-29 07:01:06,1630188066,H
2021-08-29,2021-08-29 07:02:39,1630188159,H
2021-08-29,2021-08-29 07:03:41,1630188221,C
2021-08-29,2021-08-29 07:14:55,1630188895,G
2021-08-29,2021-08-29 07:48:15,1630190895,D
2021-08-29,2021-08-29 07:57:13,1630191433,C
2021-08-29,2021-08-29 08:16:24,1630192584,A
2021-08-29,2021-08-29 08:19:22,1630192762,B
2021-08-29,2021-08-29 08:22:28,1630192948,B
2021-08-29,2021-08-29 08:30:14,1630193414,D
2021-08-29,2021-08-29 08:42:08,1630194128,D
2021-08-29,2021-08-29 08:46:59,1630194419,F
2021-08-29,2021-08-29 08:55:51,1630194951,G
2021-08-29,2021-08-29 09:06:06,1630195566,C
2021-08-29,2021-08-29 09:11:39,1630195899,G
2021-08-29,2021-08-29 09:17:30,1630196250,B
2021-08-29,2021-08-29 09:38:17,1630197497,H
2021-08-29,2021-08-29 09:42:51,1630197771,A
2021-08-29,2021-08-29 09:51:11,1630198271,F
2021-08-29,2021-08-29 10:16:04,1630199764,G
2021-08-29,2021-08-29 10:31:57,1630200717,C
2021-08-29,2021-08-29 11:03:46,1630202626,B
2021-08-29,2021-08-29 11:05:52,1630202752,C
2021-08-29,2021-08-29 11:12:34,1630203154,A
2021-08-29,2021-08-29 11:14:39,1630203279,G
2021-08-29,2021-08-29 11:38:24,1630204704,D
2021-08-29,2021-08-29 11:44:09,1630205049,C
2021-08-29,2021-08-29 12:32:59,1630207979,D
2021-08-29,2021-08-29 12:34:37,1630208077,H
2021-08-29,2021-08-29 12:37:14,1630208234,G
2021-08-29,2021-08-29 12:39:35,1630208375,G
2021-08-29,2021-08-29 12:48:26,1630208906,C
2021-08-29,2021-08-29 12:54:15,1630209255,D
2021-08-29,2021-08-29 12:56:34,1630209394,F
2021-08-29,2021-08-29 13:04:07,1630209847,G
2021-08-29,2021-08-29 13:08:11,1630210091,E
2021-08-29,2021-08-29 13:16:14,1630210574,B
2021-08-29,2021-08-29 13:20:23,1630210823,G
2021-08-29,2021-08-29 13:39:02,1630211942,B
2021-08-29,2021-08-29 13:41:45,1630212105,B
2021-08-29,2021-08-29 13:49:07,1630212547,A
2021-08-29,2021-08-29 13:58:54,1630213134,D
2021-08-29,2021-08-29 14:14:32,1630214072,B
2021-08-29,2021-08-29 14:21:29,1630214489,C
2021-08-29,2021-08-29 14:37:03,1630215423,E
2021-08-29,2021-08-29 14:38:57,1630215537,E
2021-08-29,2021-08-29 14:46:19,1630215979,E
2021-08-29,2021-08-29 15:01:26,1630216886,D
2021-08-29,2021-08-29 15:02:13,1630216933,C
2021-08-29,2021-08-29 15:04:53,1630217093,B
2021-08-29,2021-08-29 15:08:12,1630217292,B
2021-08-29,2021-08-29 15:20:14,1630218014,D
2021-08-29,2021-08-29 15:20:24,1630218024,C
2021-08-29,2021-08-29 15:22:23,1630218143,D
2021-08-29,2021-08-29 15:24:57,1630218297,H
2021-08-29,2021-08-29 15:47:14,1630219634,F
2021-08-29,2021-08-29 16:00:04,1630220404,F
2021-08-29,2021-08-29 16:06:19,1630220779,D
2021-08-29,2021-08-29 16:25:34,1630221934,D
2021-08-29,2021-08-29 17:42:48,1630226568,C
2021-08-29,2021-08-29 17:56:53,1630227413,H
2021-08-29,2021-08-29 18:08:53,1630228133,F
2021-08-29,2021-08-29 18:14:37,1630228477,C
2021-08-29,2021-08-29 18:17:39,1630228659,E
2021-08-29,2021-08-29 18:24:58,1630229098,E
2021-08-29,2021-08-29 18:29:27,1630229367,E
2021-08-29,2021-08-29 18:47:51,1630230471,B
2021-08-29,2021-08-29 18:58:36,1630231116,C
2021-08-29,2021-08-29 19:11:39,1630231899,D
2021-08-29,2021-08-29 19:21:18,1630232478,G
2021-08-29,2021-08-29 19:30:50,1630233050,B
2021-08-29,2021-08-29 19:37:02,1630233422,C
2021-08-29,2021-08-29 19:42:28,1630233748,B
2021-08-29,2021-08-29 19:43:18,1630233798,D
2021-08-29,2021-08-29 19:46:55,1630234015,D
2021-08-29,2021-08-29 19:57:17,1630234637,E
2021-08-29,2021-08-29 20:03:29,1630235009,H
2021-08-29,2021-08-29 20:15:17,1630235717,D
2021-08-29,2021-08-29 20:18:20,1630235900,G
2021-08-29,2021-08-29 20:31:07,1630236667,C
2021-08-29,2021-08-29 21:16:35,1630239395,E
2021-08-29,2021-08-29 21:20:13,1630239613,C
2021-08-29,2021-08-29 21:20:42,1630239642,E
2021-08-29,2021-08-29 21:25:32,1630239932,F
2021-08-29,2021-08-29 21:31:19,1630240279,D
2021-08-29,2021-08-29 21:35:17,1630240517,H
2021-08-29,2021-08-29 21:35:33,1630240533,G
2021-08-29,2021-08-29 21:41:45,1630240905,E
2021-08-29,2021-08-29 21:50:04,1630241404,D
2021-08-29,2021-08-29 21:59:27,1630241967,E
2021-08-29,2021-08-29 22:01:30,1630242090,F
2021-08-29,2021-08-29 22:08:31,1630242511,B
2021-08-29,2021-08-29 22:14:15,1630242855,G
2021-08-29,2021-08-29 22:19:11,1630243151,G
2021-08-29,2021-08-29 22:22:35,1630243355,C
2021-08-29,2021-08-29 23:05:52,1630245952,C
2021-08-29,2021-08-29 23:10:08,1630246208,D
2021-08-29,2021-08-29 23:14:05,1630246445,B
2021-08-29,2021-08-29 23:14:27,1630246467,D
2021-08-29,2021-08-29 23:24:50,1630247090,F
2021-08-29,2021-08-29 23:29:01,1630247341,A
2021-08-29,2021-08-29 23:30:37,1630247437,E
2021-08-29,2021-08-29 23:32:52,1630247572,G
2021-08-29,2021-08-29 23:37:06,1630247826,A
2021-08-29,2021-08-29 23:42:53,1630248173,E
2021-08-29,2021-08-29 23:47:13,1630248433,H
2021-08-29,2021-08-29 23:51:26,1630248686,G
2021-08-29,2021-08-29 23:58:12,1630249092,C
2021-08-30,2021-08-30 00:01:01,1630249261,B
2021-08-30,2021-08-30 00:01:35,1630249295,G
2021-08-30,2021-08-30 00:02:41,1630249361,G
2021-08-30,2021-08-30 00:04:53,1630249493,D
2021-08-30,2021-08-30 00:06:57,1630249617,C
2021-08-30,2021-08-30 00:16:13,1630250173,H
2021-08-30,2021-08-30 00:20:47,1630250447,E
2021-08-30,2021-08-30 00:42:59,1630251779,E
2021-08-30,2021-08-30 00:50:42,1630252242,C
2021-08-30,2021-08-30 01:15:51,1630253751,A
2021-08-30,2021-08-30 01:19:09,1630253949,A
2021-08-30,2021-08-30 01:21:19,1630254079,H
2021-08-30,2021-08-30 01:22:16,1630254136,C
2021-08-30,2021-08-30 01:25:25,1630254325,H
2021-08-30,2021-08-30 01:27:22,1630254442,H
2021-08-30,2021-08-30 01:29:45,1630254585,D
2021-08-30,2021-08-30 01:29:52,1630254592,B
2021-08-30,2021-08-30 01:31:08,1630254668,F
2021-08-30,2021-08-30 01:31:23,1630254683,D
2021-08-30,2021-08-30 01:38:22,1630255102,G
2021-08-30,2021-08-30 01:42:26,1630255346,F
2021-08-30,2021-08-30 01:48:06,1630255686,F
2021-08-30,2021-08-30 01:48:55,1630255735,C
2021-08-30,2021-08-30 01:50:14,1630255814,C
2021-08-30,2021-08-30 01:56:31,1630256191,F
2021-08-30,2021-08-30 01:58:27,1630256307,B
2021-08-30,2021-08-30 01:59:52,1630256392,A
2021-08-30,2021-08-30 02:02:48,1630256568,F
2021-08-30,2021-08-30 02:09:12,1630256952,G
2021-08-30,2021-08-30 02:16:21,1630257381,G
2021-08-30,2021-08-30 02:16:51,1630257411,A
2021-08-30,2021-08-30 02:20:53,1630257653,C
2021-08-30,2021-08-30 02:26:02,1630257962,H
2021-08-30,2021-08-30 02:27:39,1630258059,C
2021-08-30,2021-08-30 02:34:26,1630258466,C
2021-08-30,2021-08-30 02:40:06,1630258806,E
2021-08-30,2021-08-30 02:42:29,1630258949,C
2021-08-30,2021-08-30 02:43:05,1630258985,G
2021-08-30,2021-08-30 02:47:28,1630259248,C
2021-08-30,2021-08-30 02:48:21,1630259301,H
2021-08-30,2021-08-30 02:52:10,1630259530,C
2021-08-30,2021-08-30 02:58:04,1630259884,G
2021-08-30,2021-08-30 02:58:41,1630259921,G
2021-08-30,2021-08-30 03:03:46,1630260226,F
2021-08-30,2021-08-30 03:14:04,1630260844,G
2021-08-30,2021-08-30 03:14:47,1630260887,H
2021-08-30,2021-08-30 03:16:50,1630261010,A
2021-08-30,2021-08-30 03:17:07,1630261027,D
2021-08-30,2021-08-30 03:19:51,1630261191,A
2021-08-30,2021-08-30 03:33:38,1630262018,B
2021-08-30,2021-08-30 03:35:07,1630262107,H
2021-08-30,2021-08-30 03:44:04,1630262644,G
2021-08-30,2021-08-30 03:44:56,1630262696,A
2021-08-30,2021-08-30 03:49:38,1630262978,G
2021-08-30,2021-08-30 04:05:02,1630263902,A
2021-08-30,2021-08-30 04:08:26,1630264106,D
2021-08-30,2021-08-30 04:15:31,1630264531,G
2021-08-30,2021-08-30 04:18:09,1630264689,B
2021-08-30,2021-08-30 04:18:57,1630264737,E
2021-08-30,2021-08-30 04:27:17,1630265237,G
2021-08-30,2021-08-30 04:39:57,1630265997,G
2021-08-30,2021-08-30 04:43:11,1630266191,E
2021-08-30,2021-08-30 04:44:12,1630266252,G
2021-08-30,2021-08-30 04:47:51,1630266471,F
2021-08-30,2021-08-30 05:12:39,1630267959,G
2021-08-30,2021-08-30 05:18:35,1630268315,F
2021-08-30,2021-08-30 05:21:03,1630268463,G
2021-08-30,2021-08-30 05:24:34,1630268674,D
2021-08-30,2021-08-30 05:26:58,1630268818,G
2021-08-30,2021-08-30 05:27:55,1630268875,F
2021-08-30,2021-08-30 05:33:11,1630269191,A
2021-08-30,2021-08-30 05:38:41,1630269521,A
2021-08-30,2021-08-30 05:46:37,1630269997,A
2021-08-30,2021-08-30 05:48:18,1630270098,A
2021-08-30,2021-08-30 05:53:58,1630270438,D
2021-08-30,2021-08-30 05:59:02,1630270742,F
2021-08-30,2021-08-30 05:59:37,1630270777,F
2021-08-30,2021-08-30 05:59:47,1630270787,E
2021-08-30,2021-08-30 06:04:24,1630271064,F
2021-08-30,2021-08-30 06:09:27,1630271367,F
2021-08-30,2021-08-30 06:16:29,1630271789,B
2021-08-30,2021-08-30 06:20:55,1630272055,G
2021-08-30,2021-08-30 06:28:03,1630272483,B
2021-08-30,2021-08-30 06:28:48,1630272528,A
2021-08-30,2021-08-30 06:30:17,1630272617,E
2021-08-30,2021-08-30 06:35:17,1630272917,F
2021-08-30,2021-08-30 06:42:43,1630273363,A
2021-08-30,2021-08-30 06:48:38,1630273718,H
2021-08-30,2021-08-30 07:02:58,1630274578,H
2021-08-30,2021-08-30 07:04:10,1630274650,F
2021-08-30,2021-08-30 07:09:13,1630274953,A
2021-08-30,2021-08-30 07:23:31,1630275811,A
2021-08-30,2021-08-30 07:30:06,1630276206,F
2021-08-30,2021-08-30 07:47:22,1630277242,G
2021-08-30,2021-08-30 07:49:28,1630277368,C
2021-08-30,2021-08-30 07:53:37,1630277617,E
2021-08-30,2021-08-30 07:53:38,1630277618,D
2021-08-30,2021-08-30 07:57:21,1630277841,B
2021-08-30,2021-08-30 07:58:31,1630277911,F
2021-08-30,2021-08-30 08:06:45,1630278405,D
2021-08-30,2021-08-30 08:13:06,1630278786,H
2021-08-30,2021-08-30 08:16:30,1630278990,D
2021-08-30,2021-08-30 08:26:48,1630279608,A
2021-08-30,2021-08-30 08:30:51,1630279851,G
2021-08-30,2021-08-30 08:45:49,1630280749,E
2021-08-30,2021-08-30 08:50:45,1630281045,C
2021-08-30,2021-08-30 09:00:15,1630281615,F
2021-08-30,2021-08-30 09:11:50,1630282310,G
2021-08-30,2021-08-30 09:12:59,1630282379,E
2021-08-30,2021-08-30 09:16:23,1630282583,A
2021-08-30,2021-08-30 09:18:45,1630282725,A
2021-08-30,2021-08-30 09:19:35,1630282775,G
2021-08-30,2021-08-30 09:27:33,1630283253,E
2021-08-30,2021-08-30 09:29:48,1630283388,A
2021-08-30,2021-08-30 09:32:36,1630283556,C
2021-08-30,2021-08-30 09:43:45,1630284225,G
2021-08-30,2021-08-30 09:47:35,1630284455,C
2021-08-30,2021-08-30 09:58:01,1630285081,H
2021-08-30,2021-08-30 09:58:21,1630285101,E
2021-08-30,2021-08-30 10:03:14,1630285394,C
2021-08-30,2021-08-30 10:09:48,1630285788,C
2021-08-30,2021-08-30 10:16:53,1630286213,E
2021-08-30,2021-08-30 10:29:20,1630286960,A
2021-08-30,2021-08-30 10:34:39,1630287279,B
2021-08-30,2021-08-30 10:34:57,1630287297,B
2021-08-30,2021-08-30 10:48:12,1630288092,G
2021-08-30,2021-08-30 10:51:27,1630288287,G
2021-08-30,2021-08-30 10:57:08,1630288628,H
2021-08-30,2021-08-30 10:58:59,1630288739,E
2021-08-30,2021-08-30 11:07:46,1630289266,A
2021-08-30,2021-08-30 11:07:50,1630289270,C
2021-08-30,2021-08-30 11:18:33,1630289913,E
2021-08-30,2021-08-30 11:23:07,1630290187,H
2021-08-30,2021-08-30 11:43:37,1630291417,H
2021-08-30,2021-08-30 11:47:38,1630291658,B
2021-08-30,2021-08-30 11:48:44,1630291724,H
2021-08-30,2021-08-30 11:53:24,1630292004,A
2021-08-30,2021-08-30 12:05:42,1630292742,G
2021-08-30,2021-08-30 12:08:51,1630292931,D
2021-08-30,2021-08-30 12:14:34,1630293274,A
2021-08-30,2021-08-30 12:17:49,1630293469,A
2021-08-30,2021-08-30 12:18:20,1630293500,G
2021-08-30,2021-08-30 12:18:29,1630293509,A
2021-08-30,2021-08-30 12:22:56,1630293776,D
2021-08-30,2021-08-30 12:33:36,1630294416,G
2021-08-30,2021-08-30 12:34:57,1630294497,H
2021-08-30,2021-08-30 12:39:06,1630294746,F
2021-08-30,2021-08-30 12:42:27,1630294947,F
2021-08-30,2021-08-30 13:00:41,1630296041,A
2021-08-30,2021-08-30 13:03:59,1630296239,E
2021-08-30,2021-08-30 13:04:50,1630296290,F
2021-08-30,2021-08-30 13:08:39,1630296519,C
2021-08-30,2021-08-30 13:09:45,1630296585,A
2021-08-30,2021-08-30 13:10:07,1630296607,F
2021-08-30,2021-08-30 13:20:40,1630297240,B
2021-08-30,2021-08-30 13:21:55,1630297315,G
2021-08-30,2021-08-30 13:29:09,1630297749,H
2021-08-30,2021-08-30 13:31:09,1630297869,C
2021-08-30,2021-08-30 13:33:20,1630298000,H
2021-08-30,2021-08-30 13:34:23,1630298063,D
2021-08-30,2021-08-30 13:36:44,1630298204,B
2021-08-30,2021-08-30 13:38:40,1630298320,B
2021-08-30,2021-08-30 13:39:42,1630298382,C
2021-08-30,2021-08-30 13:43:12,1630298592,B
2021-08-30,2021-08-30 13:53:17,1630299197,G
2021-08-30,2021-08-30 13:53:37,1630299217,E
2021-08-30,2021-08-30 14:05:49,1630299949,B
2021-08-30,2021-08-30 14:08:22,1630300102,E
2021-08-30,2021-08-30 14:11:33,1630300293,D
2021-08-30,2021-08-30 14:14:06,1630300446,A
2021-08-30,2021-08-30 14:19:29,1630300769,G
2021-08-30,2021-08-30 14:25:43,1630301143,A
2021-08-30,2021-08-30 14:33:26,1630301606,A
2021-08-30,2021-08-30 14:39:26,1630301966,F
2021-08-30,2021-08-30 14:39:32,1630301972,G
2021-08-30,2021-08-30 14:45:20,1630302320,A
2021-08-30,2021-08-30 14:49:58,1630302598,C
2021-08-30,2021-08-30 14:50:27,1630302627,G
2021-08-30,2021-08-30 14:50:52,1630302652,A
